session_date,close_time_et,eth_usd_at_close,source,source_timestamp_utc,minutes_from_close,eth_usd_0000utc,flag,coinbase_eth_usd_at_close
2025-06-02,2025-06-02 16:00 EDT,2533.92,coinbase,2025-06-02T20:00:00Z,0.0,,,2533.92
2025-06-03,2025-06-03 16:00 EDT,2626.97,coinbase,2025-06-03T20:00:00Z,0.0,,,2626.97
2025-06-04,2025-06-04 16:00 EDT,2624.98,coinbase,2025-06-04T20:00:00Z,0.0,,,2624.98
2025-06-05,2025-06-05 16:00 EDT,2529.27,coinbase,2025-06-05T20:00:00Z,0.0,,,2529.27
2025-06-06,2025-06-06 16:00 EDT,2485.9,coinbase,2025-06-06T20:00:00Z,0.0,,,2485.9
2025-06-09,2025-06-09 16:00 EDT,2582.45,coinbase,2025-06-09T20:00:00Z,0.0,,,2582.45
2025-06-10,2025-06-10 16:00 EDT,2774.49,coinbase,2025-06-10T20:00:00Z,0.0,,,2774.49
2025-06-11,2025-06-11 16:00 EDT,2814.22,coinbase,2025-06-11T20:00:00Z,0.0,,,2814.22
2025-06-12,2025-06-12 16:00 EDT,2695.09,coinbase,2025-06-12T20:00:00Z,0.0,,,2695.09
2025-06-13,2025-06-13 16:00 EDT,2528.6,coinbase,2025-06-13T20:00:00Z,0.0,,,2528.6
2025-06-16,2025-06-16 16:00 EDT,2661.64,coinbase,2025-06-16T20:00:00Z,0.0,,,2661.64
2025-06-17,2025-06-17 16:00 EDT,2529.14,coinbase,2025-06-17T20:00:00Z,0.0,,,2529.14
2025-06-18,2025-06-18 16:00 EDT,2492.93,coinbase,2025-06-18T20:00:00Z,0.0,,,2492.93
2025-06-20,2025-06-20 16:00 EDT,2414.83,coinbase,2025-06-20T20:00:00Z,0.0,,,2414.83
2025-06-23,2025-06-23 16:00 EDT,2314.5,coinbase,2025-06-23T20:00:00Z,0.0,,,2314.5
2025-06-24,2025-06-24 16:00 EDT,2435.88,coinbase,2025-06-24T20:00:00Z,0.0,,,2435.88
2025-06-25,2025-06-25 16:00 EDT,2433.88,coinbase,2025-06-25T20:00:00Z,0.0,,,2433.88
2025-06-26,2025-06-26 16:00 EDT,2436.45,coinbase,2025-06-26T20:00:00Z,0.0,,,2436.45
2025-06-27,2025-06-27 16:00 EDT,2413.76,coinbase,2025-06-27T20:00:00Z,0.0,,,2413.76
2025-06-30,2025-06-30 16:00 EDT,2516.37,coinbase,2025-06-30T20:00:00Z,0.0,,,2516.37
2025-07-01,2025-07-01 16:00 EDT,2403.33,coinbase,2025-07-01T20:00:00Z,0.0,,,2403.33
2025-07-02,2025-07-02 16:00 EDT,2606.2,coinbase,2025-07-02T20:00:00Z,0.0,,,2606.2
2025-07-03,2025-07-03 13:00 EDT,2573.13,coinbase,2025-07-03T17:00:00Z,0.0,,,2573.13
2025-07-07,2025-07-07 16:00 EDT,2543.9,coinbase,2025-07-07T20:00:00Z,0.0,,,2543.9
2025-07-08,2025-07-08 16:00 EDT,2610.99,coinbase,2025-07-08T20:00:00Z,0.0,,,2610.99
2025-07-09,2025-07-09 16:00 EDT,2765.82,coinbase,2025-07-09T20:00:00Z,0.0,,,2765.82
2025-07-10,2025-07-10 16:00 EDT,2818.27,coinbase,2025-07-10T20:00:00Z,0.0,,,2818.27
2025-07-11,2025-07-11 16:00 EDT,3009.84,coinbase,2025-07-11T20:00:00Z,0.0,,,3009.84
2025-07-14,2025-07-14 16:00 EDT,3001.57,coinbase,2025-07-14T20:00:00Z,0.0,,,3001.57
2025-07-15,2025-07-15 16:00 EDT,3041.52,coinbase,2025-07-15T20:00:00Z,0.0,,,3041.52
2025-07-16,2025-07-16 16:00 EDT,3385.82,coinbase,2025-07-16T20:00:00Z,0.0,,,3385.82
2025-07-17,2025-07-17 16:00 EDT,3415.12,coinbase,2025-07-17T20:00:00Z,0.0,,,3415.12
2025-07-18,2025-07-18 16:00 EDT,3554.92,coinbase,2025-07-18T20:00:00Z,0.0,,,3554.92
2025-07-21,2025-07-21 16:00 EDT,3737.92,coinbase,2025-07-21T20:00:00Z,0.0,,,3737.92
2025-07-22,2025-07-22 16:00 EDT,3671.49,coinbase,2025-07-22T20:00:00Z,0.0,,,3671.49
2025-07-23,2025-07-23 16:00 EDT,3590.09,coinbase,2025-07-23T20:00:00Z,0.0,,,3590.09
2025-07-24,2025-07-24 16:00 EDT,3735.69,coinbase,2025-07-24T20:00:00Z,0.0,,,3735.69
2025-07-25,2025-07-25 16:00 EDT,3642.57,coinbase,2025-07-25T20:00:00Z,0.0,,,3642.57
2025-07-28,2025-07-28 16:00 EDT,3798.2,coinbase,2025-07-28T20:00:00Z,0.0,,,3798.2
2025-07-29,2025-07-29 16:00 EDT,3765.0,coinbase,2025-07-29T20:00:00Z,0.0,,,3765.0
2025-07-30,2025-07-30 16:00 EDT,3760.4,coinbase,2025-07-30T20:00:00Z,0.0,,,3760.4
2025-07-31,2025-07-31 16:00 EDT,3737.02,coinbase,2025-07-31T20:00:00Z,0.0,,,3737.02
2025-08-01,2025-08-01 16:00 EDT,3515.62,coinbase,2025-08-01T20:00:00Z,0.0,,,3515.62
2025-08-04,2025-08-04 16:00 EDT,3670.18,coinbase,2025-08-04T20:00:00Z,0.0,,,3670.18
2025-08-05,2025-08-05 16:00 EDT,3570.1,coinbase,2025-08-05T20:00:00Z,0.0,,,3570.1
2025-08-06,2025-08-06 16:00 EDT,3684.55,coinbase,2025-08-06T20:00:00Z,0.0,,,3684.55
2025-08-07,2025-08-07 16:00 EDT,3869.76,coinbase,2025-08-07T20:00:00Z,0.0,,,3869.76
2025-08-08,2025-08-08 16:00 EDT,4061.93,coinbase,2025-08-08T20:00:00Z,0.0,,,4061.93
2025-08-11,2025-08-11 16:00 EDT,4255.72,coinbase,2025-08-11T20:00:00Z,0.0,,,4255.72
2025-08-12,2025-08-12 16:00 EDT,4518.6,coinbase,2025-08-12T20:00:00Z,0.0,,,4518.6
2025-08-13,2025-08-13 16:00 EDT,4741.03,coinbase,2025-08-13T20:00:00Z,0.0,,,4741.03
2025-08-14,2025-08-14 16:00 EDT,4540.23,coinbase,2025-08-14T20:00:00Z,0.0,,,4540.23
2025-08-15,2025-08-15 16:00 EDT,4385.06,coinbase,2025-08-15T20:00:00Z,0.0,,,4385.06
2025-08-18,2025-08-18 16:00 EDT,4356.05,coinbase,2025-08-18T20:00:00Z,0.0,,,4356.05
2025-08-19,2025-08-19 16:00 EDT,4140.79,coinbase,2025-08-19T20:00:00Z,0.0,,,4140.79
2025-08-20,2025-08-20 16:00 EDT,4347.27,coinbase,2025-08-20T20:00:00Z,0.0,,,4347.27
2025-08-21,2025-08-21 16:00 EDT,4222.71,coinbase,2025-08-21T20:00:00Z,0.0,,,4222.71
2025-08-22,2025-08-22 16:00 EDT,4832.31,coinbase,2025-08-22T20:00:00Z,0.0,,,4832.31
2025-08-25,2025-08-25 16:00 EDT,4418.89,coinbase,2025-08-25T20:00:00Z,0.0,,,4418.89
2025-08-26,2025-08-26 16:00 EDT,4598.2,coinbase,2025-08-26T20:00:00Z,0.0,,,4598.2
2025-08-27,2025-08-27 16:00 EDT,4565.67,coinbase,2025-08-27T20:00:00Z,0.0,,,4565.67
2025-08-28,2025-08-28 16:00 EDT,4438.4,coinbase,2025-08-28T20:00:00Z,0.0,,,4438.4
2025-08-29,2025-08-29 16:00 EDT,4341.48,coinbase,2025-08-29T20:00:00Z,0.0,,,4341.48
2025-09-02,2025-09-02 16:00 EDT,4273.16,coinbase,2025-09-02T20:00:00Z,0.0,,,4273.16
2025-09-03,2025-09-03 16:00 EDT,4476.43,coinbase,2025-09-03T20:00:00Z,0.0,,,4476.43
2025-09-04,2025-09-04 16:00 EDT,4276.33,coinbase,2025-09-04T20:00:00Z,0.0,,,4276.33
2025-09-05,2025-09-05 16:00 EDT,4331.49,coinbase,2025-09-05T20:00:00Z,0.0,,,4331.49
2025-09-08,2025-09-08 16:00 EDT,4293.06,coinbase,2025-09-08T20:00:00Z,0.0,,,4293.06
2025-09-09,2025-09-09 16:00 EDT,4293.87,coinbase,2025-09-09T20:00:00Z,0.0,,,4293.87
2025-09-10,2025-09-10 16:00 EDT,4323.09,coinbase,2025-09-10T20:00:00Z,0.0,,,4323.09
2025-09-11,2025-09-11 16:00 EDT,4425.21,coinbase,2025-09-11T20:00:00Z,0.0,,,4425.21
2025-09-12,2025-09-12 16:00 EDT,4665.51,coinbase,2025-09-12T20:00:00Z,0.0,,,4665.51
2025-09-15,2025-09-15 16:00 EDT,4494.4,coinbase,2025-09-15T20:00:00Z,0.0,,,4494.4
2025-09-16,2025-09-16 16:00 EDT,4492.49,coinbase,2025-09-16T20:00:00Z,0.0,,,4492.49
2025-09-17,2025-09-17 16:00 EDT,4519.33,coinbase,2025-09-17T20:00:00Z,0.0,,,4519.33
2025-09-18,2025-09-18 16:00 EDT,4590.71,coinbase,2025-09-18T20:00:00Z,0.0,,,4590.71
2025-09-19,2025-09-19 16:00 EDT,4442.45,coinbase,2025-09-19T20:00:00Z,0.0,,,4442.45
2025-09-22,2025-09-22 16:00 EDT,4137.89,coinbase,2025-09-22T20:00:00Z,0.0,,,4137.89
2025-09-23,2025-09-23 16:00 EDT,4154.6,coinbase,2025-09-23T20:00:00Z,0.0,,,4154.6
2025-09-24,2025-09-24 16:00 EDT,4163.27,coinbase,2025-09-24T20:00:00Z,0.0,,,4163.27
2025-09-25,2025-09-25 16:00 EDT,3912.168534981484,coingecko,2025-09-25T20:00:00Z,0.0,,,3913.3
2025-09-26,2025-09-26 16:00 EDT,4017.735416697661,coingecko,2025-09-26T20:00:00Z,0.0,3896.063017617365,,4027.43
2025-09-29,2025-09-29 16:00 EDT,4187.326388455117,coingecko,2025-09-29T20:00:00Z,0.0,4139.675726866035,,4191.11
2025-09-30,2025-09-30 16:00 EDT,4163.914912303828,coingecko,2025-09-30T20:00:00Z,0.0,4214.498317525192,,4161.18
2025-10-01,2025-10-01 16:00 EDT,4334.936753236288,coingecko,2025-10-01T20:00:00Z,0.0,4147.316186865383,,4336.52
2025-10-02,2025-10-02 16:00 EDT,4493.9863117281575,coingecko,2025-10-02T20:00:00Z,0.0,4354.37875727111,,4499.21
2025-10-03,2025-10-03 16:00 EDT,4519.982849912403,coingecko,2025-10-03T20:00:00Z,0.0,4484.180377056455,,4523.2
2025-10-06,2025-10-06 16:00 EDT,4734.991074396702,coingecko,2025-10-06T20:00:00Z,0.0,4513.31014835462,,4725.89
2025-10-07,2025-10-07 16:00 EDT,4488.436650294226,coingecko,2025-10-07T20:00:00Z,0.0,4690.837856263482,,4481.31
2025-10-08,2025-10-08 16:00 EDT,4513.905603991197,coingecko,2025-10-08T20:00:00Z,0.0,4453.781265556171,,4515.94
2025-10-09,2025-10-09 16:00 EDT,4345.990069752212,coingecko,2025-10-09T20:00:00Z,0.0,4526.062095378305,,4340.59
2025-10-10,2025-10-10 16:00 EDT,4004.7592186364113,coingecko,2025-10-10T20:00:00Z,0.0,4368.419616565288,,3998.17
2025-10-13,2025-10-13 16:00 EDT,4269.56214573406,coingecko,2025-10-13T20:00:00Z,0.0,4151.918863184718,,4256.69
2025-10-14,2025-10-14 16:00 EDT,4112.374523109657,coingecko,2025-10-14T20:00:00Z,0.0,4245.447076633256,,4105.45
2025-10-15,2025-10-15 16:00 EDT,3984.7186100275326,coingecko,2025-10-15T20:00:00Z,0.0,4126.235352870518,,3984.23
2025-10-16,2025-10-16 16:00 EDT,3875.2861568431954,coingecko,2025-10-16T20:00:00Z,0.0,3991.5442355212426,,3868.48
2025-10-17,2025-10-17 16:00 EDT,3822.7142887530313,coingecko,2025-10-17T20:00:00Z,0.0,3893.756037568491,,3829.32
2025-10-20,2025-10-20 16:00 EDT,3988.7810826981568,coingecko,2025-10-20T20:00:00Z,0.0,3982.3558612703023,,3982.09
2025-10-21,2025-10-21 16:00 EDT,3999.798368287298,coingecko,2025-10-21T20:00:00Z,0.0,3980.07327974389,,3998.28
2025-10-22,2025-10-22 16:00 EDT,3802.298774251251,coingecko,2025-10-22T20:00:00Z,0.0,3866.151782774292,,3804.94
2025-10-23,2025-10-23 16:00 EDT,3860.4501609091926,coingecko,2025-10-23T20:00:00Z,0.0,3805.881864350947,,3861.01
2025-10-24,2025-10-24 16:00 EDT,3926.359370003485,coingecko,2025-10-24T20:00:00Z,0.0,3857.590008571872,,3927.31
2025-10-27,2025-10-27 16:00 EDT,4181.627583024272,coingecko,2025-10-27T20:00:00Z,0.0,4158.567621968615,,4195.15
2025-10-28,2025-10-28 16:00 EDT,4038.4199587643698,coingecko,2025-10-28T20:00:00Z,0.0,4117.287077707286,,4040.19
2025-10-29,2025-10-29 16:00 EDT,3912.290700215467,coingecko,2025-10-29T20:00:00Z,0.0,3978.812010414271,,3906.2
2025-10-30,2025-10-30 16:00 EDT,3687.0168535101457,coingecko,2025-10-30T20:00:00Z,0.0,3902.8019474292696,,3685.2
2025-10-31,2025-10-31 16:00 EDT,3879.351778018894,coingecko,2025-10-31T20:00:00Z,0.0,3801.551504718387,,3883.07
2025-11-03,2025-11-03 16:00 EST,3599.753152695123,coingecko,2025-11-03T21:00:00Z,0.0,3905.342929555584,,3586.69
2025-11-04,2025-11-04 16:00 EST,3207.538684976096,coingecko,2025-11-04T21:00:00Z,0.0,3600.363768411873,,3211.8
2025-11-05,2025-11-05 16:00 EST,3444.26057572594,coingecko,2025-11-05T21:00:00Z,0.0,3285.2318395878847,,3450.43
2025-11-06,2025-11-06 16:00 EST,3303.447600392217,coingecko,2025-11-06T21:00:00Z,0.0,3425.9698058908884,,3304.8
2025-11-07,2025-11-07 16:00 EST,3458.9463160162695,coingecko,2025-11-07T21:00:00Z,0.0,3312.4503070158717,,3464.02
2025-11-10,2025-11-10 16:00 EST,3563.7127728611717,coingecko,2025-11-10T21:00:00Z,0.0,3578.8023059041866,,3570.64
2025-11-11,2025-11-11 16:00 EST,3439.1220123473586,coingecko,2025-11-11T21:00:00Z,0.0,3566.049867115414,,3437.4
2025-11-12,2025-11-12 16:00 EST,3415.3623470228736,coingecko,2025-11-12T21:00:00Z,0.0,3416.071508998829,,3415.56
2025-11-13,2025-11-13 16:00 EST,3180.52122661651,coingecko,2025-11-13T21:00:00Z,0.0,3412.5432368287225,,3168.87
2025-11-14,2025-11-14 16:00 EST,3132.829512879465,coingecko,2025-11-14T21:00:00Z,0.0,3223.175778614162,,3134.97
2025-11-17,2025-11-17 16:00 EST,3004.1553912675463,coingecko,2025-11-17T21:00:00Z,0.0,3091.905045683136,,3000.83
2025-11-18,2025-11-18 16:00 EST,3122.7586849566983,coingecko,2025-11-18T21:00:00Z,0.0,3026.218255338726,,3121.04
2025-11-19,2025-11-19 16:00 EST,2944.4765641152626,coingecko,2025-11-19T21:00:00Z,0.0,3121.5138481614545,,2941.68
2025-11-20,2025-11-20 16:00 EST,2843.3700764159366,coingecko,2025-11-20T21:00:00Z,0.0,3020.935787720369,,2831.14
2025-11-21,2025-11-21 16:00 EST,2740.8265675370885,coingecko,2025-11-21T21:00:00Z,0.0,2832.5307976375693,,2735.85
2025-11-24,2025-11-24 16:00 EST,2968.724045600415,coingecko,2025-11-24T21:00:00Z,0.0,2798.913101183697,,2971.97
2025-11-25,2025-11-25 16:00 EST,2931.045723764247,coingecko,2025-11-25T21:00:00Z,0.0,2952.334906852989,,2928.69
2025-11-26,2025-11-26 16:00 EST,3025.3006264370188,coingecko,2025-11-26T21:00:00Z,0.0,2958.5732175211965,,3024.53
2025-11-28,2025-11-28 13:00 EST,3036.9462608403237,coingecko,2025-11-28T18:00:00Z,0.0,3014.8198499491664,,3035.19
2025-12-01,2025-12-01 16:00 EST,2761.830486203416,coingecko,2025-12-01T21:00:00Z,0.0,2990.797383294047,,2757.76
2025-12-02,2025-12-02 16:00 EST,2983.294347770373,coingecko,2025-12-02T21:00:00Z,0.0,2796.73386904882,,2979.81
2025-12-03,2025-12-03 16:00 EST,3136.8757607989596,coingecko,2025-12-03T21:00:00Z,0.0,2997.602427194639,,3138.9
2025-12-04,2025-12-04 16:00 EST,3141.63530577392,coingecko,2025-12-04T21:00:00Z,0.0,3188.8819447300766,,3142.5
2025-12-05,2025-12-05 16:00 EST,3025.2732630366,coingecko,2025-12-05T21:00:00Z,0.0,3134.3486408160215,,3022.78
2025-12-08,2025-12-08 16:00 EST,3130.8706675429353,coingecko,2025-12-08T21:00:00Z,0.0,3060.9948319527766,,3137.4
2025-12-09,2025-12-09 16:00 EST,3322.801438083907,coingecko,2025-12-09T21:00:00Z,0.0,3123.8052523660685,,3327.8
2025-12-10,2025-12-10 16:00 EST,3349.046119649906,coingecko,2025-12-10T21:00:00Z,0.0,3318.7209450428563,,3357.09
2025-12-11,2025-12-11 16:00 EST,3224.4058370464372,coingecko,2025-12-11T21:00:00Z,0.0,3323.292012600325,,3223.29
2025-12-12,2025-12-12 16:00 EST,3080.4694389829865,coingecko,2025-12-12T21:00:00Z,0.0,3238.4136151525354,,3082.21
2025-12-15,2025-12-15 16:00 EST,2929.25691202192,coingecko,2025-12-15T21:00:00Z,0.0,3063.5454528219575,,2928.08
2025-12-16,2025-12-16 16:00 EST,2947.5259316685647,coingecko,2025-12-16T21:00:00Z,0.0,2963.8945572517114,,2946.98
2025-12-17,2025-12-17 16:00 EST,2822.3743128536244,coingecko,2025-12-17T21:00:00Z,0.0,2957.8602493045723,,2821.03
2025-12-18,2025-12-18 16:00 EST,2805.2316310914857,coingecko,2025-12-18T21:00:00Z,0.0,2832.4683268792255,,2778.86
2025-12-19,2025-12-19 16:00 EST,2991.0837899680077,coingecko,2025-12-19T21:00:00Z,0.0,2826.6732476964435,,2994.29
2025-12-22,2025-12-22 16:00 EST,2981.802206936589,coingecko,2025-12-22T21:00:00Z,0.0,3004.2204920824893,,2974.31
2025-12-23,2025-12-23 16:00 EST,2968.35642000398,coingecko,2025-12-23T21:00:00Z,0.0,3005.3755577051465,,2968.38
2025-12-24,2025-12-24 13:00 EST,2935.094606583077,coingecko,2025-12-24T18:00:00Z,0.0,2965.21878516193,,2934.71
2025-12-26,2025-12-26 16:00 EST,2930.4816962356176,coingecko,2025-12-26T21:00:00Z,0.0,2901.680790122988,,2928.9
2025-12-29,2025-12-29 16:00 EST,2927.316480550237,coingecko,2025-12-29T21:00:00Z,0.0,2948.8317693857384,,2925.75
2025-12-30,2025-12-30 16:00 EST,2953.6715861937837,coingecko,2025-12-30T21:00:00Z,0.0,2934.356280609806,,2956.05
2025-12-31,2025-12-31 16:00 EST,2971.57117039138,coingecko,2025-12-31T21:00:00Z,0.0,2967.9804137872784,,2971.02
2026-01-02,2026-01-02 16:00 EST,3128.885748904114,coingecko,2026-01-02T21:00:00Z,0.0,3003.8548082170178,,3116.25
2026-01-05,2026-01-05 16:00 EST,3242.5727440595383,coingecko,2026-01-05T21:00:00Z,0.0,3153.1033957378954,,3242.12
2026-01-06,2026-01-06 16:00 EST,3240.381439702875,coingecko,2026-01-06T21:00:00Z,0.0,3227.3933194586493,,3239.71
2026-01-07,2026-01-07 16:00 EST,3143.698318884583,coingecko,2026-01-07T21:00:00Z,0.0,3291.912961414173,,3135.8
2026-01-08,2026-01-08 16:00 EST,3107.7051634707823,coingecko,2026-01-08T21:00:00Z,0.0,3167.4127745767946,,3104.15
2026-01-09,2026-01-09 16:00 EST,3071.481295726326,coingecko,2026-01-09T21:00:00Z,0.0,3106.059127932304,,3069.79
2026-01-12,2026-01-12 16:00 EST,3101.2088352200435,coingecko,2026-01-12T21:00:00Z,0.0,3120.1733886182465,,3099.81
2026-01-13,2026-01-13 16:00 EST,3203.8377573211274,coingecko,2026-01-13T21:00:00Z,0.0,3091.684735239076,,3204.11
2026-01-14,2026-01-14 16:00 EST,3379.8699944599443,coingecko,2026-01-14T21:00:00Z,0.0,3330.50442935756,,3384.2
2026-01-15,2026-01-15 16:00 EST,3288.657403783251,coingecko,2026-01-15T21:00:00Z,0.0,3351.816081641762,,3287.6
2026-01-16,2026-01-16 16:00 EST,3293.159963383449,coingecko,2026-01-16T21:00:00Z,0.0,3319.2231658916444,,3292.07
2026-01-20,2026-01-20 16:00 EST,3001.108910497742,coingecko,2026-01-20T21:00:00Z,0.0,3186.780739691063,,3002.23
2026-01-21,2026-01-21 16:00 EST,3022.562808533073,coingecko,2026-01-21T21:00:00Z,0.0,2941.883255665837,,3028.74
2026-01-22,2026-01-22 16:00 EST,2941.385948155852,coingecko,2026-01-22T21:00:00Z,0.0,2984.174965536145,,2935.27
2026-01-23,2026-01-23 16:00 EST,2940.176189359823,coingecko,2026-01-23T21:00:00Z,0.0,2951.3870755868147,,2936.38
2026-01-26,2026-01-26 16:00 EST,2899.7623929121605,coingecko,2026-01-26T21:00:00Z,0.0,2812.935403888694,,2898.07
2026-01-27,2026-01-27 16:00 EST,3016.334211948932,coingecko,2026-01-27T21:00:00Z,0.0,2925.763833023022,,3018.46
2026-01-28,2026-01-28 16:00 EST,3003.8020708951317,coingecko,2026-01-28T21:00:00Z,0.0,3020.015731085415,,3007.54
2026-01-29,2026-01-29 16:00 EST,2808.1468142760564,coingecko,2026-01-29T21:00:00Z,0.0,3011.815000270356,,2801.39
2026-01-30,2026-01-30 16:00 EST,2678.550963760817,coingecko,2026-01-30T21:00:00Z,0.0,2822.633841401332,,2676.14
2026-02-02,2026-02-02 16:00 EST,2327.8265093369046,coingecko,2026-02-02T21:00:00Z,0.0,2264.345387690806,,2319.36
2026-02-03,2026-02-03 16:00 EST,2298.5858761568343,coingecko,2026-02-03T21:00:00Z,0.0,2343.45854365222,,2296.73
2026-02-04,2026-02-04 16:00 EST,2171.082579699929,coingecko,2026-02-04T21:00:00Z,0.0,2226.41311845928,,2167.28
2026-02-05,2026-02-05 16:00 EST,1873.2142680930615,coingecko,2026-02-05T21:00:00Z,0.0,2143.2933986604808,,1863.95
2026-02-06,2026-02-06 16:00 EST,2057.495451150114,coingecko,2026-02-06T21:00:00Z,0.0,1823.8053314217489,,2052.33
2026-02-09,2026-02-09 16:00 EST,2123.6869866832217,coingecko,2026-02-09T21:00:00Z,0.0,2092.4274588224594,,2123.59
2026-02-10,2026-02-10 16:00 EST,2015.9657592913115,coingecko,2026-02-10T21:00:00Z,0.0,2106.7856442624457,,2010.44
2026-02-11,2026-02-11 16:00 EST,1952.9112945764446,coingecko,2026-02-11T21:00:00Z,0.0,2021.4415907712967,,1952.81
2026-02-12,2026-02-12 16:00 EST,1916.9460342786274,coingecko,2026-02-12T21:00:00Z,0.0,1944.681900647583,,1914.14
2026-02-13,2026-02-13 16:00 EST,2049.4192323590273,coingecko,2026-02-13T21:00:00Z,0.0,1947.8399217972387,,2044.25
2026-02-17,2026-02-17 16:00 EST,1995.4024133653727,coingecko,2026-02-17T21:00:00Z,0.0,1998.1759871140314,,1993.7
2026-02-18,2026-02-18 16:00 EST,1941.1214175409114,coingecko,2026-02-18T21:00:00Z,0.0,1994.3527116895793,,1938.79
2026-02-19,2026-02-19 16:00 EST,1950.4946340756537,coingecko,2026-02-19T21:00:00Z,0.0,1954.6531149212074,,1949.51
2026-02-20,2026-02-20 16:00 EST,1970.6190681312419,coingecko,2026-02-20T21:00:00Z,0.0,1949.6068369097477,,1970.31
2026-02-23,2026-02-23 16:00 EST,1863.7458237111887,coingecko,2026-02-23T21:00:00Z,0.0,1886.450366591152,,1860.11
2026-02-24,2026-02-24 16:00 EST,1853.5176216007915,coingecko,2026-02-24T21:00:00Z,0.0,1859.2199106790974,,1858.4
2026-02-25,2026-02-25 16:00 EST,2075.3517421507936,coingecko,2026-02-25T21:00:00Z,0.0,1852.0821618898767,,2075.43
2026-02-26,2026-02-26 16:00 EST,2026.1487060877478,coingecko,2026-02-26T21:00:00Z,0.0,2053.097732531376,,2023.5
2026-02-27,2026-02-27 16:00 EST,1923.2897461548316,coingecko,2026-02-27T21:00:00Z,0.0,2027.5050759088144,,1923.38
2026-03-02,2026-03-02 16:00 EST,2033.746042597997,coingecko,2026-03-02T21:00:00Z,0.0,1939.7957193912328,,2035.92
2026-03-03,2026-03-03 16:00 EST,1974.9040629163333,coingecko,2026-03-03T21:00:00Z,0.0,2028.799011354667,,1978.51
2026-03-04,2026-03-04 16:00 EST,2153.6651847986477,coingecko,2026-03-04T21:00:00Z,0.0,1982.9514132768732,,2151.59
2026-03-05,2026-03-05 16:00 EST,2094.855073143984,coingecko,2026-03-05T21:00:00Z,0.0,2127.5791778087923,,2091.81
2026-03-06,2026-03-06 16:00 EST,1979.9243606700004,coingecko,2026-03-06T21:00:00Z,0.0,2073.3589471780524,,1978.66
2026-03-09,2026-03-09 16:00 EDT,2036.986445681386,coingecko,2026-03-09T20:00:00Z,0.0,1939.3917593920498,,2034.13
2026-03-10,2026-03-10 16:00 EDT,2038.0622339027334,coingecko,2026-03-10T20:00:00Z,0.0,1992.982026905004,,2036.95
2026-03-11,2026-03-11 16:00 EDT,2073.665551455928,coingecko,2026-03-11T20:00:00Z,0.0,2035.1741536034772,,2076.84
2026-03-12,2026-03-12 16:00 EDT,2070.061324708708,coingecko,2026-03-12T20:00:00Z,0.0,2051.9341141166024,,2070.05
2026-03-13,2026-03-13 16:00 EDT,2102.6949994342035,coingecko,2026-03-13T20:00:00Z,0.0,2071.9197307868703,,2102.8
2026-03-16,2026-03-16 16:00 EDT,2329.5571088516385,coingecko,2026-03-16T20:00:00Z,0.0,2182.0726576096104,,2330.92
2026-03-17,2026-03-17 16:00 EDT,2321.9114240785048,coingecko,2026-03-17T20:00:00Z,0.0,2343.5310877349557,,2320.61
2026-03-18,2026-03-18 16:00 EDT,2185.897919748832,coingecko,2026-03-18T20:00:00Z,0.0,2320.9509267494554,,2185.9
2026-03-19,2026-03-19 16:00 EDT,2140.575034789548,coingecko,2026-03-19T20:00:00Z,0.0,2203.1349441544735,,2140.86
2026-03-20,2026-03-20 16:00 EDT,2132.406396963897,coingecko,2026-03-20T20:00:00Z,0.0,2139.514195287849,,2132.59
2026-03-23,2026-03-23 16:00 EDT,2152.315071391493,coingecko,2026-03-23T20:00:00Z,0.0,2055.681838744274,,2153.8
2026-03-24,2026-03-24 16:00 EDT,2117.826023554893,coingecko,2026-03-24T20:00:00Z,0.0,2152.471302393496,,2115.36
2026-03-25,2026-03-25 16:00 EDT,2169.04449122943,coingecko,2026-03-25T20:00:00Z,0.0,2156.3938779843224,,2172.28
2026-03-26,2026-03-26 16:00 EDT,2048.435797461121,coingecko,2026-03-26T20:00:00Z,0.0,2172.4163328611644,,2047.18
2026-03-27,2026-03-27 16:00 EDT,1993.5799604970664,coingecko,2026-03-27T20:00:00Z,0.0,2059.589104363155,,1989.7
2026-03-30,2026-03-30 16:00 EDT,2023.4474421037692,coingecko,2026-03-30T20:00:00Z,0.0,1981.7423699353176,,2021.71
2026-03-31,2026-03-31 16:00 EDT,2097.3950782675397,coingecko,2026-03-31T20:00:00Z,0.0,2024.0146470848574,,2094.53
2026-04-01,2026-04-01 16:00 EDT,2132.902976070296,coingecko,2026-04-01T20:00:00Z,0.0,2095.4159934323757,,2140.47
2026-04-02,2026-04-02 16:00 EDT,2058.6512918549383,coingecko,2026-04-02T20:00:00Z,0.0,2131.5392771024462,,2065.52
2026-04-06,2026-04-06 16:00 EDT,2132.5293444944728,coingecko,2026-04-06T20:00:00Z,0.0,2066.1981252768373,,2144.29
2026-04-07,2026-04-07 16:00 EDT,2111.8212109307556,coingecko,2026-04-07T20:00:00Z,0.0,2100.806140265129,,2113.28
2026-04-08,2026-04-08 16:00 EDT,2205.3189151134197,coingecko,2026-04-08T20:00:00Z,0.0,2235.8222062960863,,2211.44
2026-04-09,2026-04-09 16:00 EDT,2205.8317612576147,coingecko,2026-04-09T20:00:00Z,0.0,2179.7915700795793,,2218.23
2026-04-10,2026-04-10 16:00 EDT,2239.2439212833037,coingecko,2026-04-10T20:00:00Z,0.0,2177.972586699981,,2254.31
2026-04-13,2026-04-13 16:00 EDT,2261.091574761832,coingecko,2026-04-13T20:00:00Z,0.0,2189.221443884993,,2263.2
2026-04-14,2026-04-14 16:00 EDT,2313.701719761271,coingecko,2026-04-14T20:00:00Z,0.0,2374.0162053338927,,2314.45
2026-04-15,2026-04-15 16:00 EDT,2376.6579365781145,coingecko,2026-04-15T20:00:00Z,0.0,2326.445177466492,,2376.15
2026-04-16,2026-04-16 16:00 EDT,2359.7617364799376,coingecko,2026-04-16T20:00:00Z,0.0,2360.57614677394,,2360.59
2026-04-17,2026-04-17 16:00 EDT,2429.4046420579707,coingecko,2026-04-17T20:00:00Z,0.0,2348.987492385873,,2429.39
2026-04-20,2026-04-20 16:00 EDT,2332.3536586092096,coingecko,2026-04-20T20:00:00Z,0.0,2264.1941982589246,,2332.7
2026-04-21,2026-04-21 16:00 EDT,2296.515778659742,coingecko,2026-04-21T20:00:00Z,0.0,2314.6386071300276,,2299.04
2026-04-22,2026-04-22 16:00 EDT,2398.516449806352,coingecko,2026-04-22T20:00:00Z,0.0,2326.6640126907014,,2398.1
2026-04-23,2026-04-23 16:00 EDT,2314.6458962564766,coingecko,2026-04-23T20:00:00Z,0.0,2375.7144533633987,,2313.85
2026-04-24,2026-04-24 16:00 EDT,2322.102061960888,coingecko,2026-04-24T20:00:00Z,0.0,2331.0953087937605,,2321.89
2026-04-27,2026-04-27 16:00 EDT,2288.3017601494025,coingecko,2026-04-27T20:00:00Z,0.0,2369.1540292624554,,2289.55
2026-04-28,2026-04-28 16:00 EDT,2301.4010212663707,coingecko,2026-04-28T20:00:00Z,0.0,2303.8842501308045,,2301.07
2026-04-29,2026-04-29 16:00 EDT,2234.31345480508,coingecko,2026-04-29T20:00:00Z,0.0,2292.7658741534183,,2232.75
2026-04-30,2026-04-30 16:00 EDT,2262.1855981793597,coingecko,2026-04-30T20:00:00Z,0.0,2253.620049292702,,2261.08
2026-05-01,2026-05-01 16:00 EDT,2305.4705215065956,coingecko,2026-05-01T20:00:00Z,0.0,2256.9491123703424,,2304.71
2026-05-04,2026-05-04 16:00 EDT,2354.569615494844,coingecko,2026-05-04T20:00:00Z,0.0,2322.5878639164766,,2355.3
2026-05-05,2026-05-05 16:00 EDT,2372.2312636569795,coingecko,2026-05-05T20:00:00Z,0.0,2346.1713028945196,,2371.7
2026-05-06,2026-05-06 16:00 EDT,2349.3139539144986,coingecko,2026-05-06T20:00:00Z,0.0,2360.6443662859797,,2347.82
2026-05-07,2026-05-07 16:00 EDT,2294.1434578302337,coingecko,2026-05-07T20:00:00Z,0.0,2351.0137484161237,,2296.19
2026-05-08,2026-05-08 16:00 EDT,2314.946688982665,coingecko,2026-05-08T20:00:00Z,0.0,2291.302591374564,,2315.7
2026-05-11,2026-05-11 16:00 EDT,2339.062104763486,coingecko,2026-05-11T20:00:00Z,0.0,2369.9648714985337,,2339.99
2026-05-12,2026-05-12 16:00 EDT,2284.769110087054,coingecko,2026-05-12T20:00:00Z,0.0,2338.59446825004,,2285.03
2026-05-13,2026-05-13 16:00 EDT,2256.2588128648645,coingecko,2026-05-13T20:00:00Z,0.0,2275.747322631228,,2255.25
2026-05-14,2026-05-14 16:00 EDT,2298.4841450143454,coingecko,2026-05-14T20:00:00Z,0.0,2258.4839088491867,,2297.78
2026-05-15,2026-05-15 16:00 EDT,2222.3483143686212,coingecko,2026-05-15T20:00:00Z,0.0,2282.595746277603,,2221.4
2026-05-18,2026-05-18 16:00 EDT,2123.125957564956,coingecko,2026-05-18T20:00:00Z,0.0,2130.749230126177,,2123.45
2026-05-19,2026-05-19 16:00 EDT,2110.895426495458,coingecko,2026-05-19T20:00:00Z,0.0,2128.8927623239815,,2111.48
2026-05-20,2026-05-20 16:00 EDT,2137.5501042292376,coingecko,2026-05-20T20:00:00Z,0.0,2109.3421375885023,,2136.83
2026-05-21,2026-05-21 16:00 EDT,2139.619703025068,coingecko,2026-05-21T20:00:00Z,0.0,2127.468931683584,,2140.79
2026-05-22,2026-05-22 16:00 EDT,2064.2033897513415,coingecko,2026-05-22T20:00:00Z,0.0,2132.1443703600044,,2062.66
2026-05-26,2026-05-26 16:00 EDT,2071.717654385992,coingecko,2026-05-26T20:00:00Z,0.0,2110.5929717502054,,2070.84
2026-05-27,2026-05-27 16:00 EDT,2054.721833341943,coingecko,2026-05-27T20:00:00Z,0.0,2072.3492159738144,,2053.25
2026-05-28,2026-05-28 16:00 EDT,2012.4679357440855,coingecko,2026-05-28T20:00:00Z,0.0,2022.465974317952,,2011.5
2026-05-29,2026-05-29 16:00 EDT,2014.68296855807,coingecko,2026-05-29T20:00:00Z,0.0,2008.1144631178963,,2013.99
2026-06-01,2026-06-01 16:00 EDT,2002.1161391120108,coingecko,2026-06-01T20:00:00Z,0.0,2005.0520566280852,,2001.86
2026-06-02,2026-06-02 16:00 EDT,1908.997851617619,coingecko,2026-06-02T20:00:00Z,0.0,2003.5794472377934,,1909.33
2026-06-03,2026-06-03 16:00 EDT,1801.0650116416089,coingecko,2026-06-03T20:00:00Z,0.0,1858.3640479335945,,1801.17
2026-06-04,2026-06-04 16:00 EDT,1776.5032313962333,coingecko,2026-06-04T20:00:00Z,0.0,1811.7149905120527,,1774.84
2026-06-05,2026-06-05 16:00 EDT,1574.6338205121817,coingecko,2026-06-05T20:00:00Z,0.0,1769.0317333338,,1572.97
2026-06-08,2026-06-08 16:00 EDT,1684.5298394949589,coingecko,2026-06-08T20:00:00Z,0.0,1687.8826846141703,,1684.09
2026-06-09,2026-06-09 16:00 EDT,1655.9365049066353,coingecko,2026-06-09T20:00:00Z,0.0,1690.4950851700783,,1656.19
2026-06-10,2026-06-10 16:00 EDT,1629.1039306236853,coingecko,2026-06-10T20:00:00Z,0.0,1638.7504135601862,,1628.39
2026-06-11,2026-06-11 16:00 EDT,1680.1818927690304,coingecko,2026-06-11T20:00:00Z,0.0,1620.917390707054,,1679.96
2026-06-12,2026-06-12 16:00 EDT,1665.7828869463158,coingecko,2026-06-12T20:00:00Z,0.0,1671.86904676229,,1664.67
2026-06-15,2026-06-15 16:00 EDT,1819.6145120347312,coingecko,2026-06-15T20:00:00Z,0.0,1725.448928079916,,1820.54
2026-06-16,2026-06-16 16:00 EDT,1793.236474131535,coingecko,2026-06-16T20:00:00Z,0.0,1794.9576599037732,,1793.97
2026-06-17,2026-06-17 16:00 EDT,1733.2180710981957,coingecko,2026-06-17T20:00:00Z,0.0,1791.3886783051394,,1733.26
2026-06-18,2026-06-18 16:00 EDT,1703.6062317388987,coingecko,2026-06-18T20:00:00Z,0.0,1748.7549735206103,,1703.5
2026-06-22,2026-06-22 16:00 EDT,1733.2956872234834,coingecko,2026-06-22T20:00:00Z,0.0,1704.9130137257484,,1732.48
2026-06-23,2026-06-23 16:00 EDT,1661.1073327815116,coingecko,2026-06-23T20:00:00Z,0.0,1725.1620208904676,,1660.28
2026-06-24,2026-06-24 16:00 EDT,1581.5908521609222,coingecko,2026-06-24T20:00:00Z,0.0,1665.7162407218393,,1581.96
2026-06-25,2026-06-25 16:00 EDT,1557.118778836386,coingecko,2026-06-25T20:00:00Z,0.0,1620.6434082953833,,1556.93
2026-06-26,2026-06-26 16:00 EDT,1576.1621475454788,coingecko,2026-06-26T20:00:00Z,0.0,1566.0081297519519,,1572.43
2026-06-29,2026-06-29 16:00 EDT,1623.5504424246958,coingecko,2026-06-29T20:00:00Z,0.0,1570.0805519413402,,1622.95
2026-06-30,2026-06-30 16:00 EDT,1578.3867771556315,coingecko,2026-06-30T20:00:00Z,0.0,1609.751185572177,,1578.01
2026-07-01,2026-07-01 16:00 EDT,1615.8119339477983,coingecko,2026-07-01T20:00:00Z,0.0,1569.8271747749748,,1616.34
2026-07-02,2026-07-02 16:00 EDT,1699.6296719088905,coingecko,2026-07-02T20:00:00Z,0.0,1608.254387223296,,1698.5
2026-07-06,2026-07-06 16:00 EDT,1792.1601733187315,coingecko,2026-07-06T20:00:00Z,0.0,1784.2622991817525,,1791.63
2026-07-07,2026-07-07 16:00 EDT,1788.1246945268283,coingecko,2026-07-07T20:00:00Z,0.0,1798.557105022033,,1789.32
2026-07-08,2026-07-08 16:00 EDT,1739.0425241886878,coingecko,2026-07-08T20:00:00Z,0.0,1771.2223954004269,,1739.87
2026-07-09,2026-07-09 16:00 EDT,1747.2531839735298,coingecko,2026-07-09T20:00:00Z,0.0,1742.2494536901065,,1747.23
2026-07-10,2026-07-10 16:00 EDT,1791.3128193535954,coingecko,2026-07-10T20:00:00Z,0.0,1744.6953884606253,,1791.4
2026-07-13,2026-07-13 16:00 EDT,1772.6740965997749,coingecko,2026-07-13T20:00:00Z,0.0,1805.4862853704624,,1773.1
2026-07-14,2026-07-14 16:00 EDT,1876.2897574817393,coingecko,2026-07-14T20:00:00Z,0.0,1774.0909253483635,,1875.94
2026-07-15,2026-07-15 16:00 EDT,1922.8765242649508,coingecko,2026-07-15T20:00:00Z,0.0,1890.3093923843837,,1922.6
2026-07-16,2026-07-16 16:00 EDT,1873.6461234691626,coingecko,2026-07-16T20:00:00Z,0.0,1916.7586464879018,,1874.0
2026-07-17,2026-07-17 16:00 EDT,1841.8939524205073,coingecko,2026-07-17T20:00:00Z,0.0,1863.0065007127855,,1842.38
2026-07-20,2026-07-20 16:00 EDT,1897.7864987243308,coingecko,2026-07-20T20:00:00Z,0.0,1870.8170349782704,,1897.41
2026-07-21,2026-07-21 16:00 EDT,1922.95949272727,coingecko,2026-07-21T20:00:00Z,0.0,1901.7735152870935,,1922.3
2026-07-22,2026-07-22 16:00 EDT,1924.817062097911,coingecko,2026-07-22T20:00:00Z,0.0,1928.6558956703082,,1923.92
2026-07-23,2026-07-23 16:00 EDT,1874.624405006821,coingecko,2026-07-23T20:00:00Z,0.0,1933.4132583162384,,1873.86
2026-07-24,2026-07-24 16:00 EDT,1861.7135329741402,coingecko,2026-07-24T20:00:00Z,0.0,1877.460607698635,,1861.85
2026-07-27,2026-07-27 16:00 EDT,1946.4420341820032,coingecko,2026-07-27T20:00:00Z,0.0,1952.9020070235085,,1946.6
2026-07-28,2026-07-28 16:00 EDT,1919.6940468233026,coingecko,2026-07-28T20:00:00Z,0.0,1890.4523208978708,,1920.17
2026-07-29,2026-07-29 16:00 EDT,1886.6170874075854,coingecko,2026-07-29T20:00:00Z,0.0,1920.4888660862466,,1886.52
2026-07-30,2026-07-30 16:00 EDT,1921.8867458460807,coingecko,2026-07-30T20:00:00Z,0.0,1908.7417326276595,,1922.0
2026-07-31,2026-07-31 16:00 EDT,1865.951204507214,coingecko,2026-07-31T20:00:00Z,0.0,1917.5713635462077,,1866.52
2026-08-03,2026-08-03 16:00 EDT,1868.845337872194,coingecko,2026-08-03T20:00:00Z,0.0,1882.9305589557664,,1868.66
2026-08-04,2026-08-04 16:00 EDT,1874.9623404392305,coingecko,2026-08-04T20:00:00Z,0.0,1858.5376969949996,,1873.9
2026-08-05,2026-08-05 16:00 EDT,1916.2840866379267,coingecko,2026-08-05T20:00:00Z,0.0,1868.621381582403,,1915.62
2026-08-06,2026-08-06 16:00 EDT,1908.162983995348,coingecko,2026-08-06T20:00:00Z,0.0,1907.4360439632449,,1908.41
2026-08-07,2026-08-07 16:00 EDT,1917.6177337310899,coingecko,2026-08-07T20:00:00Z,0.0,1902.1622720657638,,1917.84
2026-08-10,2026-08-10 16:00 EDT,1876.0787114081306,coingecko,2026-08-10T20:00:00Z,0.0,1908.940734099038,,1876.85
2026-08-11,2026-08-11 16:00 EDT,1880.2186159642054,coingecko,2026-08-11T20:00:00Z,0.0,1871.3976551883159,,1879.8
2026-08-12,2026-08-12 16:00 EDT,1877.5684720425447,coingecko,2026-08-12T20:00:00Z,0.0,1880.4862005694617,,1877.16
2026-08-13,2026-08-13 16:00 EDT,1885.5906520864862,coingecko,2026-08-13T20:00:00Z,0.0,1877.743530062547,,1885.4
2026-08-14,2026-08-14 16:00 EDT,1878.972700715158,coingecko,2026-08-14T20:00:00Z,0.0,1884.3941576877892,,1879.07
2026-08-17,2026-08-17 16:00 EDT,1905.5633554465703,coingecko,2026-08-17T20:00:00Z,0.0,1874.401898191962,,1905.62
2026-08-18,2026-08-18 16:00 EDT,1912.133815489488,coingecko,2026-08-18T20:00:00Z,0.0,1912.2734691708965,,1912.21
2026-08-19,2026-08-19 16:00 EDT,2102.248313228178,coingecko,2026-08-19T20:00:00Z,0.0,1916.3998901478055,,2101.49
2026-08-20,2026-08-20 16:00 EDT,2323.4016282290736,coingecko,2026-08-20T20:00:00Z,0.0,2251.7346140069594,,2323.53
2026-08-21,2026-08-21 16:00 EDT,2413.2849566985474,coingecko,2026-08-21T20:00:00Z,0.0,2326.5282334236576,,2413.46
2026-08-24,2026-08-24 16:00 EDT,2471.312503199322,coingecko,2026-08-24T20:00:00Z,0.0,2462.403924751607,,2471.09
2026-08-25,2026-08-25 16:00 EDT,2462.911070143699,coingecko,2026-08-25T20:00:00Z,0.0,2481.879430655568,,2463.79
2026-08-26,2026-08-26 16:00 EDT,2469.8496182014314,coingecko,2026-08-26T20:00:00Z,0.0,2442.0111121033965,,2470.76
2026-08-27,2026-08-27 16:00 EDT,2500.235343771887,coingecko,2026-08-27T20:00:00Z,0.0,2506.3431057180687,,2498.95
2026-08-28,2026-08-28 16:00 EDT,2434.1757512647246,coingecko,2026-08-28T20:00:00Z,0.0,2511.461241063819,,2435.99
2026-08-31,2026-08-31 16:00 EDT,2481.9467445988703,coingecko,2026-08-31T20:00:00Z,0.0,2416.2418165172735,,2481.89
2026-09-01,2026-09-01 16:00 EDT,2417.4036467359056,coingecko,2026-09-01T20:00:00Z,0.0,2466.565659094493,,2418.07
2026-09-02,2026-09-02 16:00 EDT,2390.905301619513,coingecko,2026-09-02T20:00:00Z,0.0,2417.6758884733536,,2392.3
2026-09-03,2026-09-03 16:00 EDT,2516.3996073243175,coingecko,2026-09-03T20:00:00Z,0.0,2390.783044679688,,2518.24
2026-09-04,2026-09-04 16:00 EDT,2455.796742574295,coingecko,2026-09-04T20:00:00Z,0.0,2507.6482840896088,,2456.18
2026-09-08,2026-09-08 16:00 EDT,2481.2599474348513,coingecko,2026-09-08T20:00:00Z,0.0,2489.3967543757462,,2482.21
2026-09-09,2026-09-09 16:00 EDT,2464.5478259949214,coingecko,2026-09-09T20:00:00Z,0.0,2485.0697039871584,,2464.81
2026-09-10,2026-09-10 16:00 EDT,2462.0322949767624,coingecko,2026-09-10T20:00:00Z,0.0,2467.529167979314,,2461.89
2026-09-11,2026-09-11 16:00 EDT,2538.4259733247604,coingecko,2026-09-11T20:00:00Z,0.0,2437.514812545618,,2539.03
2026-09-14,2026-09-14 16:00 EDT,2540.231552341252,coingecko,2026-09-14T20:00:00Z,0.0,2476.682526163658,,2539.69
2026-09-15,2026-09-15 16:00 EDT,2414.1402475319305,coingecko,2026-09-15T20:00:00Z,0.0,2514.759550467769,,2414.81
2026-09-16,2026-09-16 16:00 EDT,2406.25749841826,coingecko,2026-09-16T20:00:00Z,0.0,2397.4972601650115,,2406.2
2026-09-17,2026-09-17 16:00 EDT,2447.6343347829356,coingecko,2026-09-17T20:00:00Z,0.0,2415.9596535242995,,2447.22
2026-09-18,2026-09-18 16:00 EDT,2635.01982548005,coingecko,2026-09-18T20:00:00Z,0.0,2446.143252227872,,2636.14
2026-09-21,2026-09-21 16:00 EDT,2762.8177609745903,coingecko,2026-09-21T20:00:00Z,0.0,2644.7349398187544,,2762.8
2026-09-22,2026-09-22 16:00 EDT,2751.481330346778,coingecko,2026-09-22T20:00:00Z,0.0,2775.1686826711957,,2751.9
2026-09-23,2026-09-23 16:00 EDT,2677.7220696591976,coingecko,2026-09-23T20:00:00Z,0.0,2752.629093198004,,2678.78
2026-09-24,2026-09-24 16:00 EDT,2695.6138580968104,coingecko,2026-09-24T20:00:00Z,0.0,2684.342871490596,,2695.71
